Customer #6,test-mail-5@gmail.com,+38093-555-55-56,Proteus Fitness Jackshirt,MJ12,Just a test question,2019-01-09 01:21:04,processed,1
Customer #7,test-mail-5@gmail.com,+38093-555-55-57,Proteus Fitness Jackshirt,MJ12,Just a test question,2019-01-09 01:21:05,processed,1
Customer #8,test-mail-5@gmail.com,+38093-555-55-58,Proteus Fitness Jackshirt,MJ12,Just a test question,2019-01-09 01:21:06,processed,1
Customer #9,test-mail-5@gmail.com,+38093-555-55-59,Proteus Fitness Jackshirt,MJ12,Just a test question,2019-01-09 01:21:07,processed,1
Customer #10,test-mail-5@gmail.com,+38093-555-55-60,Proteus Fitness Jackshirt,MJ12,Just a test question,2019-01-09 01:21:08,processed,1
Customer #11,test-mail-5@gmail.com,+38093-555-55-61,Proteus Fitness Jackshirt,MJ12,Just a test question,2019-01-09 01:21:09,processed,1
Customer #12,test-mail-5@gmail.com,+38093-555-55-62,Proteus Fitness Jackshirt,MJ12,Just a test question,2019-01-09 01:21:10,processed,1
Customer #13,test-mail-5@gmail.com,+38093-555-55-63,Proteus Fitness Jackshirt,MJ12,Just a test question,2019-01-09 01:21:11,processed,1
Customer #14,test-mail-5@gmail.com,+38093-555-55-64,Proteus Fitness Jackshirt,MJ12,Just a test question,2019-01-09 01:21:12,processed,1
Customer #15,test-mail-5@gmail.com,+38093-555-55-65,Proteus Fitness Jackshirt,MJ12,Just a test question,2019-01-10 01:21:13,processed,1
Customer #16,test-mail-5@gmail.com,+38093-555-55-66,Proteus Fitness Jackshirt,MJ12,Just a test question,2019-01-10 01:21:14,processed,1
Customer #17,test-mail-5@gmail.com,+38093-555-55-67,Proteus Fitness Jackshirt,MJ12,Just a test question,2019-01-10 01:21:15,pending,1
Customer #18,test-mail-5@gmail.com,+38093-555-55-68,Proteus Fitness Jackshirt,MJ12,Just a test question,2019-01-10 01:21:16,pending,1
Customer #19,test-mail-5@gmail.com,+38093-555-55-69,Proteus Fitness Jackshirt,MJ12,Just a test question,2019-01-10 01:21:17,pending,1
Customer #20,test-mail-5@gmail.com,+38093-555-55-70,Proteus Fitness Jackshirt,MJ12,Just a test question,2019-01-11 01:21:18,pending,1
Customer #21,test-mail-5@gmail.com,+38093-555-55-71,Proteus Fitness Jackshirt,MJ12,Just a test question,2019-01-11 01:21:19,pending,1
Customer #22,test-mail-5@gmail.com,+38093-555-55-72,Proteus Fitness Jackshirt,MJ12,Just a test question,2019-01-11 01:21:20,pending,1
Customer #23,test-mail-5@gmail.com,+38093-555-55-73,Proteus Fitness Jackshirt,MJ12,Just a test question,2019-01-11 01:21:21,pending,1
Customer #24,test-mail-5@gmail.com,+38093-555-55-74,Proteus Fitness Jackshirt,MJ12,Just a test question,2019-01-11 01:21:22,pending,1
Customer #25,test-mail-5@gmail.com,+38093-555-55-75,Proteus Fitness Jackshirt,MJ12,Just a test question,2019-01-11 01:21:23,pending,1
Customer #26,test-mail-5@gmail.com,+38093-555-55-76,Proteus Fitness Jackshirt,MJ12,Just a test question,2019-01-11 01:21:24,pending,1